{
  "timestamp": "2025-11-19T04:36:55.580218+00:00",
  "overall_metrics": {
    "total_comparisons": 150,
    "mean_error_percent": 12.988389201749223,
    "median_error_percent": 11.15594771584561,
    "min_error_percent": 0.021841760705053306,
    "max_error_percent": 39.52506996107382,
    "std_dev_percent": 10.411678457318924,
    "accuracy_distribution": {
      "excellent_10_percent": 70,
      "good_25_percent": 56,
      "fair_50_percent": 24,
      "poor_over_50_percent": 0
    },
    "overall_accuracy_score": 84.0
  },
  "per_workflow_metrics": {
    "workflow-7": {
      "total_comparisons": 15,
      "mean_error_percent": 18.726149097887713,
      "median_error_percent": 18.86260163418743,
      "min_error_percent": 1.8389166323474955,
      "max_error_percent": 36.66140287175223,
      "std_dev_percent": 10.622061839470891,
      "accuracy_distribution": {
        "excellent_10_percent": 4,
        "good_25_percent": 7,
        "fair_50_percent": 4,
        "poor_over_50_percent": 0
      },
      "overall_accuracy_score": 73.33333333333333
    },
    "workflow-5": {
      "total_comparisons": 15,
      "mean_error_percent": 2.794575130587878,
      "median_error_percent": 2.9062078698926523,
      "min_error_percent": 0.044171183349344584,
      "max_error_percent": 4.950531660526364,
      "std_dev_percent": 1.645603517285739,
      "accuracy_distribution": {
        "excellent_10_percent": 15,
        "good_25_percent": 0,
        "fair_50_percent": 0,
        "poor_over_50_percent": 0
      },
      "overall_accuracy_score": 100.0
    },
    "workflow-3": {
      "total_comparisons": 15,
      "mean_error_percent": 12.779808057333938,
      "median_error_percent": 11.956495058502545,
      "min_error_percent": 0.11217581369368436,
      "max_error_percent": 26.951998814244423,
      "std_dev_percent": 6.56994841721179,
      "accuracy_distribution": {
        "excellent_10_percent": 5,
        "good_25_percent": 9,
        "fair_50_percent": 1,
        "poor_over_50_percent": 0
      },
      "overall_accuracy_score": 93.33333333333333
    },
    "workflow-8": {
      "total_comparisons": 15,
      "mean_error_percent": 14.611019899828618,
      "median_error_percent": 13.918681422464463,
      "min_error_percent": 0.80789485793453,
      "max_error_percent": 33.53753473813627,
      "std_dev_percent": 8.919740042425254,
      "accuracy_distribution": {
        "excellent_10_percent": 5,
        "good_25_percent": 8,
        "fair_50_percent": 2,
        "poor_over_50_percent": 0
      },
      "overall_accuracy_score": 86.66666666666667
    },
    "workflow-4": {
      "total_comparisons": 15,
      "mean_error_percent": 16.168448851560907,
      "median_error_percent": 15.201342609269187,
      "min_error_percent": 0.42178611408386607,
      "max_error_percent": 33.90531163556669,
      "std_dev_percent": 11.900318551557858,
      "accuracy_distribution": {
        "excellent_10_percent": 6,
        "good_25_percent": 4,
        "fair_50_percent": 5,
        "poor_over_50_percent": 0
      },
      "overall_accuracy_score": 66.66666666666666
    },
    "workflow-1": {
      "total_comparisons": 15,
      "mean_error_percent": 15.79398830125132,
      "median_error_percent": 11.436622241774447,
      "min_error_percent": 0.05018227386491751,
      "max_error_percent": 38.31333656497934,
      "std_dev_percent": 13.12081904709718,
      "accuracy_distribution": {
        "excellent_10_percent": 7,
        "good_25_percent": 4,
        "fair_50_percent": 4,
        "poor_over_50_percent": 0
      },
      "overall_accuracy_score": 73.33333333333333
    },
    "workflow-6": {
      "total_comparisons": 15,
      "mean_error_percent": 19.876271620718132,
      "median_error_percent": 16.23551999363345,
      "min_error_percent": 6.567034175219609,
      "max_error_percent": 39.52506996107382,
      "std_dev_percent": 10.766525464476437,
      "accuracy_distribution": {
        "excellent_10_percent": 3,
        "good_25_percent": 7,
        "fair_50_percent": 5,
        "poor_over_50_percent": 0
      },
      "overall_accuracy_score": 66.66666666666666
    },
    "workflow-2": {
      "total_comparisons": 15,
      "mean_error_percent": 14.630175184394066,
      "median_error_percent": 15.228074124295244,
      "min_error_percent": 2.3034813350357153,
      "max_error_percent": 25.828250215308458,
      "std_dev_percent": 6.5741965025405715,
      "accuracy_distribution": {
        "excellent_10_percent": 4,
        "good_25_percent": 10,
        "fair_50_percent": 1,
        "poor_over_50_percent": 0
      },
      "overall_accuracy_score": 93.33333333333333
    },
    "workflow-0": {
      "total_comparisons": 15,
      "mean_error_percent": 2.1223482068146855,
      "median_error_percent": 1.7918516286761998,
      "min_error_percent": 0.021841760705053306,
      "max_error_percent": 4.764035704222505,
      "std_dev_percent": 1.6444387218386458,
      "accuracy_distribution": {
        "excellent_10_percent": 15,
        "good_25_percent": 0,
        "fair_50_percent": 0,
        "poor_over_50_percent": 0
      },
      "overall_accuracy_score": 100.0
    },
    "workflow-9": {
      "total_comparisons": 15,
      "mean_error_percent": 12.381107667114973,
      "median_error_percent": 12.15422394395381,
      "min_error_percent": 1.9692552518165287,
      "max_error_percent": 34.13389620446641,
      "std_dev_percent": 9.511823989420767,
      "accuracy_distribution": {
        "excellent_10_percent": 6,
        "good_25_percent": 7,
        "fair_50_percent": 2,
        "poor_over_50_percent": 0
      },
      "overall_accuracy_score": 86.66666666666667
    }
  },
  "recent_comparisons": [
    {
      "workflow_name": "workflow-0",
      "predicted_duration": 217.77945452036613,
      "actual_duration": 219.00442,
      "prediction_error": 0.5624798180947436,
      "timestamp": "2025-11-12T04:40:33.849165+00:00",
      "success": true
    },
    {
      "workflow_name": "workflow-1",
      "predicted_duration": 196.1415435605513,
      "actual_duration": 239.664127,
      "prediction_error": 22.189375411952312,
      "timestamp": "2025-11-12T05:40:54.508872+00:00",
      "success": true
    },
    {
      "workflow_name": "workflow-2",
      "predicted_duration": 398.7261155683314,
      "actual_duration": 459.444424,
      "prediction_error": 15.228074124295244,
      "timestamp": "2025-11-12T06:44:34.289169+00:00",
      "success": true
    },
    {
      "workflow_name": "workflow-3",
      "predicted_duration": 261.77736341113496,
      "actual_duration": 285.277468,
      "prediction_error": 8.977133959423721,
      "timestamp": "2025-11-12T07:41:40.122213+00:00",
      "success": false
    },
    {
      "workflow_name": "workflow-4",
      "predicted_duration": 262.0504485559275,
      "actual_duration": 341.289849,
      "prediction_error": 30.238223548455785,
      "timestamp": "2025-11-12T08:42:36.134594+00:00",
      "success": true
    },
    {
      "workflow_name": "workflow-5",
      "predicted_duration": 414.3139558041978,
      "actual_duration": 434.048129,
      "prediction_error": 4.76309641983879,
      "timestamp": "2025-11-12T09:44:08.892874+00:00",
      "success": true
    },
    {
      "workflow_name": "workflow-6",
      "predicted_duration": 144.84875236745486,
      "actual_duration": 131.771818,
      "prediction_error": 9.027992408440683,
      "timestamp": "2025-11-12T10:39:06.616563+00:00",
      "success": true
    },
    {
      "workflow_name": "workflow-7",
      "predicted_duration": 344.7166227437161,
      "actual_duration": 431.876815,
      "prediction_error": 25.284592185472967,
      "timestamp": "2025-11-12T11:44:06.721560+00:00",
      "success": true
    },
    {
      "workflow_name": "workflow-8",
      "predicted_duration": 371.64875996802095,
      "actual_duration": 433.659219,
      "prediction_error": 16.685232324551503,
      "timestamp": "2025-11-12T12:44:08.503964+00:00",